{"mini_batch_loss": 0.12194547057151794, "running_average_loss": 0.20996359497881853, "cur_epoch": 29.97005988023952, "max_epoch": 30, "time_per_epoch": "0:00:35.847935", "ETA": "0:00:35.847935"}